-- MySQL dump 10.13  Distrib 5.7.18, for macos10.12 (x86_64)
--
-- Host: localhost    Database: cfmy
-- ------------------------------------------------------
-- Server version	5.7.18-log

/*!40101 SET @OLD_CHARACTER_SET_CLIENT=@@CHARACTER_SET_CLIENT */;
/*!40101 SET @OLD_CHARACTER_SET_RESULTS=@@CHARACTER_SET_RESULTS */;
/*!40101 SET @OLD_COLLATION_CONNECTION=@@COLLATION_CONNECTION */;
/*!40101 SET NAMES utf8 */;
/*!40103 SET @OLD_TIME_ZONE=@@TIME_ZONE */;
/*!40103 SET TIME_ZONE='+00:00' */;
/*!40014 SET @OLD_UNIQUE_CHECKS=@@UNIQUE_CHECKS, UNIQUE_CHECKS=0 */;
/*!40014 SET @OLD_FOREIGN_KEY_CHECKS=@@FOREIGN_KEY_CHECKS, FOREIGN_KEY_CHECKS=0 */;
/*!40101 SET @OLD_SQL_MODE=@@SQL_MODE, SQL_MODE='NO_AUTO_VALUE_ON_ZERO' */;
/*!40111 SET @OLD_SQL_NOTES=@@SQL_NOTES, SQL_NOTES=0 */;

--
-- Table structure for table `code`
--

DROP TABLE IF EXISTS `code`;
/*!40101 SET @saved_cs_client     = @@character_set_client */;
/*!40101 SET character_set_client = utf8 */;
CREATE TABLE `code` (
  `id` varchar(45) NOT NULL,
  `value` int(4) NOT NULL,
  PRIMARY KEY (`id`)
) ENGINE=InnoDB DEFAULT CHARSET=utf8 ROW_FORMAT=DYNAMIC;
/*!40101 SET character_set_client = @saved_cs_client */;

--
-- Dumping data for table `code`
--

LOCK TABLES `code` WRITE;
/*!40000 ALTER TABLE `code` DISABLE KEYS */;
/*!40000 ALTER TABLE `code` ENABLE KEYS */;
UNLOCK TABLES;

--
-- Table structure for table `color`
--

DROP TABLE IF EXISTS `color`;
/*!40101 SET @saved_cs_client     = @@character_set_client */;
/*!40101 SET character_set_client = utf8 */;
CREATE TABLE `color` (
  `id` varchar(45) NOT NULL,
  `name` varchar(45) NOT NULL,
  `corporation_id` varchar(45) DEFAULT NULL,
  `img` varchar(400) DEFAULT NULL,
  `value` varchar(255) DEFAULT NULL,
  PRIMARY KEY (`id`)
) ENGINE=InnoDB DEFAULT CHARSET=utf8;
/*!40101 SET character_set_client = @saved_cs_client */;

--
-- Dumping data for table `color`
--

LOCK TABLES `color` WRITE;
/*!40000 ALTER TABLE `color` DISABLE KEYS */;
INSERT INTO `color` VALUES ('1516790403629','白色','1509885871184','http://ozq3tirki.bkt.clouddn.com/Fkk42fAG8m8smdJrcoM4P8_pSwfm','ggf'),('1517305544600','大红色','1509885871184','http://ozq3tirki.bkt.clouddn.com/Fm5-qUgzNffrLN6oPXlHgu3qvgKt','#c00');
/*!40000 ALTER TABLE `color` ENABLE KEYS */;
UNLOCK TABLES;

--
-- Table structure for table `corporation`
--

DROP TABLE IF EXISTS `corporation`;
/*!40101 SET @saved_cs_client     = @@character_set_client */;
/*!40101 SET character_set_client = utf8 */;
CREATE TABLE `corporation` (
  `id` varchar(45) NOT NULL,
  `name` varchar(45) NOT NULL,
  `address` varchar(45) DEFAULT NULL,
  `state` int(1) NOT NULL,
  `boss` varchar(20) DEFAULT NULL,
  `phone` varchar(20) DEFAULT NULL,
  `img` varchar(240) DEFAULT NULL,
  PRIMARY KEY (`id`)
) ENGINE=InnoDB DEFAULT CHARSET=utf8;
/*!40101 SET character_set_client = @saved_cs_client */;

--
-- Dumping data for table `corporation`
--

LOCK TABLES `corporation` WRITE;
/*!40000 ALTER TABLE `corporation` DISABLE KEYS */;
INSERT INTO `corporation` VALUES ('1509885871184','重庆川峰erersdsdds','重庆',0,NULL,NULL,'http://ozq3tirki.bkt.clouddn.com/Ful5IWUDjRgh0NEIA7s87IDEacbZ');
/*!40000 ALTER TABLE `corporation` ENABLE KEYS */;
UNLOCK TABLES;

--
-- Table structure for table `door`
--

DROP TABLE IF EXISTS `door`;
/*!40101 SET @saved_cs_client     = @@character_set_client */;
/*!40101 SET character_set_client = utf8 */;
CREATE TABLE `door` (
  `id` varchar(45) NOT NULL,
  `name` varchar(45) NOT NULL,
  `img` varchar(245) NOT NULL,
  `corporation_id` varchar(45) NOT NULL,
  `gx_ids` varchar(600) NOT NULL,
  `create_time` datetime NOT NULL,
  `state` int(4) NOT NULL,
  `gx_values` varchar(100) NOT NULL,
  `number` varchar(50) NOT NULL,
  `colors` varchar(250) DEFAULT NULL,
  `line` varchar(250) DEFAULT NULL,
  PRIMARY KEY (`id`)
) ENGINE=InnoDB DEFAULT CHARSET=utf8;
/*!40101 SET character_set_client = @saved_cs_client */;

--
-- Dumping data for table `door`
--

LOCK TABLES `door` WRITE;
/*!40000 ALTER TABLE `door` DISABLE KEYS */;
INSERT INTO `door` VALUES ('1518161443450','门01','http://ozq3tirki.bkt.clouddn.com/FkugQQ-ySDCyVO2YKCg1OaeeaXfg','1509885871184','1515568229765,1515568294692,1515568306490,1515568321123,1515568337743,1515568350142,1515568360154,1515568368535,1515568376630,1515568385260,1515568393850,1515568401028,1515568408065,1515568418392,1515568428501,1515568441272,1515568455633,1515568463485,1515568472353','2018-02-09 15:30:43',0,'12,11,22,12,12,2,2,2,23,23,23,23,2,2,23,23,23,23,23','门01',NULL,NULL),('1518161460636','门02','http://ozq3tirki.bkt.clouddn.com/FkKNQXaOZvXVjCpHnE5Uwf1B4lnC','1509885871184','1515568229765,1515568294692,1515568306490,1515568321123,1515568337743,1515568350142,1515568360154,1515568368535,1515568376630,1515568385260,1515568393850,1515568401028,1515568408065,1515568418392,1515568428501,1515568441272,1515568455633,1515568463485,1515568472353','2018-02-09 15:31:01',0,'12,11,22,12,12,2,2,2,23,23,23,23,2,2,23,23,23,23,23','门02',NULL,NULL);
/*!40000 ALTER TABLE `door` ENABLE KEYS */;
UNLOCK TABLES;

--
-- Table structure for table `errCode`
--

DROP TABLE IF EXISTS `errCode`;
/*!40101 SET @saved_cs_client     = @@character_set_client */;
/*!40101 SET character_set_client = utf8 */;
CREATE TABLE `errCode` (
  `id` varchar(45) NOT NULL,
  `value` int(4) NOT NULL,
  `label` varchar(45) NOT NULL,
  PRIMARY KEY (`id`)
) ENGINE=InnoDB DEFAULT CHARSET=utf8 ROW_FORMAT=DYNAMIC;
/*!40101 SET character_set_client = @saved_cs_client */;

--
-- Dumping data for table `errCode`
--

LOCK TABLES `errCode` WRITE;
/*!40000 ALTER TABLE `errCode` DISABLE KEYS */;
/*!40000 ALTER TABLE `errCode` ENABLE KEYS */;
UNLOCK TABLES;

--
-- Table structure for table `gx`
--

DROP TABLE IF EXISTS `gx`;
/*!40101 SET @saved_cs_client     = @@character_set_client */;
/*!40101 SET character_set_client = utf8 */;
CREATE TABLE `gx` (
  `id` varchar(45) NOT NULL,
  `type` int(4) NOT NULL,
  `price` int(4) NOT NULL,
  `corporation_id` varchar(45) NOT NULL,
  `name` varchar(45) NOT NULL,
  `state` int(4) NOT NULL,
  `serial` int(4) NOT NULL,
  PRIMARY KEY (`id`)
) ENGINE=InnoDB DEFAULT CHARSET=utf8;
/*!40101 SET character_set_client = @saved_cs_client */;

--
-- Dumping data for table `gx`
--

LOCK TABLES `gx` WRITE;
/*!40000 ALTER TABLE `gx` DISABLE KEYS */;
INSERT INTO `gx` VALUES ('1515568229765',1,12,'1509885871184','下料',0,1),('1515568294692',1,11,'1509885871184','单套',0,2),('1515568306490',1,22,'1509885871184','雕刻',0,3),('1515568321123',1,12,'1509885871184','抓架子',0,4),('1515568337743',1,12,'1509885871184','压机',0,5),('1515568350142',1,2,'1509885871184','精裁',0,6),('1515568360154',1,2,'1509885871184','打台',0,7),('1515568368535',1,2,'1509885871184','封边',0,8),('1515568376630',1,23,'1509885871184','大沙',0,9),('1515568385260',1,23,'1509885871184','异型',0,10),('1515568393850',1,23,'1509885871184','打眼订凳',0,11),('1515568401028',1,23,'1509885871184','分货',0,12),('1515568408065',1,2,'1509885871184','刮沙',0,13),('1515568418392',1,2,'1509885871184','贴纸',0,14),('1515568428501',1,23,'1509885871184','贴皮',0,15),('1515568441272',1,23,'1509885871184','底漆',0,16),('1515568455633',1,23,'1509885871184','油磨',0,17),('1515568463485',1,23,'1509885871184','面漆',0,18),('1515568472353',1,23,'1509885871184','包装',0,19),('1518160716584',2,2,'1509885871184','刮沙线条',0,1),('1518160742957',2,2,'1509885871184','贴纸-线条',0,1);
/*!40000 ALTER TABLE `gx` ENABLE KEYS */;
UNLOCK TABLES;

--
-- Table structure for table `line`
--

DROP TABLE IF EXISTS `line`;
/*!40101 SET @saved_cs_client     = @@character_set_client */;
/*!40101 SET character_set_client = utf8 */;
CREATE TABLE `line` (
  `id` varchar(45) NOT NULL,
  `name` varchar(45) NOT NULL,
  `corporation_id` varchar(45) DEFAULT NULL,
  `img` varchar(400) DEFAULT NULL,
  `value` varchar(255) DEFAULT NULL,
  `gx_ids` varchar(600) DEFAULT NULL,
  `gx_values` varchar(100) DEFAULT NULL,
  PRIMARY KEY (`id`)
) ENGINE=InnoDB DEFAULT CHARSET=utf8 ROW_FORMAT=DYNAMIC;
/*!40101 SET character_set_client = @saved_cs_client */;

--
-- Dumping data for table `line`
--

LOCK TABLES `line` WRITE;
/*!40000 ALTER TABLE `line` DISABLE KEYS */;
INSERT INTO `line` VALUES ('1516338101368','花纹线条','1509885871184','http://ozq3tirki.bkt.clouddn.com/Fjk7A9r1Ucpp2Cfh8oqBtMKhZthI','323','1518160716584,1518160742957,','1518160716584,1518160742957,'),('1517305642143','大条线','1509885871184','http://ozq3tirki.bkt.clouddn.com/FtTnwAohR1ioyUNaf9F4wfXDvahB',NULL,'1518160716584,1518160742957,','1518160716584,1518160742957,');
/*!40000 ALTER TABLE `line` ENABLE KEYS */;
UNLOCK TABLES;

--
-- Table structure for table `process`
--

DROP TABLE IF EXISTS `process`;
/*!40101 SET @saved_cs_client     = @@character_set_client */;
/*!40101 SET character_set_client = utf8 */;
CREATE TABLE `process` (
  `id` varchar(45) NOT NULL,
  `gx_id` varchar(45) DEFAULT NULL,
  `user_id` varchar(45) DEFAULT NULL,
  `corporation_id` varchar(45) DEFAULT NULL,
  `price` int(4) DEFAULT NULL,
  `type` int(4) DEFAULT NULL,
  `start_time` datetime DEFAULT NULL,
  `end_time` datetime DEFAULT NULL,
  `state` int(4) DEFAULT NULL,
  `product_id` varchar(45) DEFAULT NULL,
  `ticket_id` varchar(45) DEFAULT NULL,
  PRIMARY KEY (`id`)
) ENGINE=InnoDB DEFAULT CHARSET=utf8;
/*!40101 SET character_set_client = @saved_cs_client */;

--
-- Dumping data for table `process`
--

LOCK TABLES `process` WRITE;
/*!40000 ALTER TABLE `process` DISABLE KEYS */;
INSERT INTO `process` VALUES ('1517924834533','1515568229765','1515570349126','1509885871184',60,NULL,NULL,'2018-02-07 10:54:49',2,NULL,'1517924834197'),('1517924834534','1515568294692','1515570392717','1509885871184',55,NULL,NULL,'2018-02-07 10:54:49',2,NULL,'1517924834197'),('1517924834535','1515568306490','1515570409321','1509885871184',110,NULL,NULL,'2018-02-07 10:54:49',2,NULL,'1517924834197'),('1517924834536','1515568321123','1515570427216','1509885871184',60,NULL,NULL,'2018-02-07 10:54:49',2,NULL,'1517924834197'),('1517924834537','1515568337743','1515570441526','1509885871184',60,NULL,NULL,'2018-02-07 10:54:49',2,NULL,'1517924834197'),('1517924834538','1515568350142',NULL,'1509885871184',10,NULL,NULL,'2018-02-07 10:54:49',2,NULL,'1517924834197'),('1517924834539','1515568360154',NULL,'1509885871184',10,NULL,NULL,'2018-02-07 10:54:49',2,NULL,'1517924834197'),('1517924834540','1515568368535',NULL,'1509885871184',10,NULL,NULL,'2018-02-07 10:54:49',2,NULL,'1517924834197'),('1517924834541','1515568376630',NULL,'1509885871184',115,NULL,NULL,'2018-02-07 10:54:49',2,NULL,'1517924834197'),('1517924834542','1515568385260',NULL,'1509885871184',115,NULL,NULL,'2018-02-07 10:54:49',2,NULL,'1517924834197'),('1517924834543','1515568393850',NULL,'1509885871184',115,NULL,NULL,'2018-02-07 10:54:49',2,NULL,'1517924834197'),('1517924834544','1515568401028',NULL,'1509885871184',115,NULL,NULL,'2018-02-07 10:54:49',2,NULL,'1517924834197'),('1517924834545','1515568408065',NULL,'1509885871184',10,NULL,NULL,'2018-02-07 10:54:49',2,NULL,'1517924834197'),('1517924834546','1515568418392',NULL,'1509885871184',10,NULL,NULL,'2018-02-07 10:54:49',2,NULL,'1517924834197'),('1517924834547','1515568428501',NULL,'1509885871184',115,NULL,NULL,'2018-02-07 10:54:49',2,NULL,'1517924834197'),('1517924834548','1515568441272',NULL,'1509885871184',115,NULL,NULL,'2018-02-07 10:54:49',2,NULL,'1517924834197'),('1517924834549','1515568455633',NULL,'1509885871184',115,NULL,NULL,'2018-02-07 10:54:49',2,NULL,'1517924834197'),('1517924834550','1515568463485',NULL,'1509885871184',115,NULL,NULL,'2018-02-07 10:54:49',2,NULL,'1517924834197'),('1517924834551','1515568472353',NULL,'1509885871184',115,NULL,NULL,'2018-02-07 10:54:49',2,NULL,'1517924834197'),('1517979287697','1515568229765','1515570349126','1509885871184',12,NULL,NULL,NULL,NULL,NULL,'1517979287406'),('1517979287698','1515568294692','1515570392717','1509885871184',11,NULL,NULL,NULL,NULL,NULL,'1517979287406'),('1517979287699','1515568306490','1515570409321','1509885871184',22,NULL,NULL,NULL,NULL,NULL,'1517979287406'),('1517979287700','1515568321123','1515570427216','1509885871184',12,NULL,NULL,NULL,NULL,NULL,'1517979287406'),('1517979287701','1515568337743','1515570441526','1509885871184',12,NULL,NULL,NULL,NULL,NULL,'1517979287406'),('1517979287702','1515568350142',NULL,'1509885871184',2,NULL,NULL,NULL,NULL,NULL,'1517979287406'),('1517979287703','1515568360154',NULL,'1509885871184',2,NULL,NULL,NULL,NULL,NULL,'1517979287406'),('1517979287704','1515568368535',NULL,'1509885871184',2,NULL,NULL,NULL,NULL,NULL,'1517979287406'),('1517979287705','1515568376630',NULL,'1509885871184',23,NULL,NULL,NULL,NULL,NULL,'1517979287406'),('1517979287706','1515568385260',NULL,'1509885871184',23,NULL,NULL,NULL,NULL,NULL,'1517979287406'),('1517979287707','1515568393850',NULL,'1509885871184',23,NULL,NULL,NULL,NULL,NULL,'1517979287406'),('1517979287708','1515568401028',NULL,'1509885871184',23,NULL,NULL,NULL,NULL,NULL,'1517979287406'),('1517979287709','1515568408065',NULL,'1509885871184',2,NULL,NULL,NULL,NULL,NULL,'1517979287406'),('1517979287710','1515568418392',NULL,'1509885871184',2,NULL,NULL,NULL,NULL,NULL,'1517979287406'),('1517979287711','1515568428501',NULL,'1509885871184',23,NULL,NULL,NULL,NULL,NULL,'1517979287406'),('1517979287712','1515568441272',NULL,'1509885871184',23,NULL,NULL,NULL,NULL,NULL,'1517979287406'),('1517979287713','1515568455633',NULL,'1509885871184',23,NULL,NULL,NULL,NULL,NULL,'1517979287406'),('1517979287714','1515568463485',NULL,'1509885871184',23,NULL,NULL,NULL,NULL,NULL,'1517979287406'),('1517979287715','1515568472353',NULL,'1509885871184',23,NULL,NULL,NULL,NULL,NULL,'1517979287406'),('1517980353000','1515568229765','1515570349126','1509885871184',12,NULL,NULL,NULL,NULL,NULL,'1517980352698'),('1517980353001','1515568294692','1515570392717','1509885871184',11,NULL,NULL,NULL,NULL,NULL,'1517980352698'),('1517980353002','1515568306490','1515570409321','1509885871184',22,NULL,NULL,NULL,NULL,NULL,'1517980352698'),('1517980353003','1515568321123','1515570427216','1509885871184',12,NULL,NULL,NULL,NULL,NULL,'1517980352698'),('1517980353004','1515568337743','1515570441526','1509885871184',12,NULL,NULL,NULL,NULL,NULL,'1517980352698'),('1517980353005','1515568350142',NULL,'1509885871184',2,NULL,NULL,NULL,NULL,NULL,'1517980352698'),('1517980353006','1515568360154',NULL,'1509885871184',2,NULL,NULL,NULL,NULL,NULL,'1517980352698'),('1517980353007','1515568368535',NULL,'1509885871184',2,NULL,NULL,NULL,NULL,NULL,'1517980352698'),('1517980353008','1515568376630',NULL,'1509885871184',23,NULL,NULL,NULL,NULL,NULL,'1517980352698'),('1517980353009','1515568385260',NULL,'1509885871184',23,NULL,NULL,NULL,NULL,NULL,'1517980352698'),('1517980353010','1515568393850',NULL,'1509885871184',23,NULL,NULL,NULL,NULL,NULL,'1517980352698'),('1517980353011','1515568401028',NULL,'1509885871184',23,NULL,NULL,NULL,NULL,NULL,'1517980352698'),('1517980353012','1515568408065',NULL,'1509885871184',2,NULL,NULL,NULL,NULL,NULL,'1517980352698'),('1517980353013','1515568418392',NULL,'1509885871184',2,NULL,NULL,NULL,NULL,NULL,'1517980352698'),('1517980353014','1515568428501',NULL,'1509885871184',23,NULL,NULL,NULL,NULL,NULL,'1517980352698'),('1517980353015','1515568441272',NULL,'1509885871184',23,NULL,NULL,NULL,NULL,NULL,'1517980352698'),('1517980353016','1515568455633',NULL,'1509885871184',23,NULL,NULL,NULL,NULL,NULL,'1517980352698'),('1517980353017','1515568463485',NULL,'1509885871184',23,NULL,NULL,NULL,NULL,NULL,'1517980352698'),('1517980353018','1515568472353',NULL,'1509885871184',23,NULL,NULL,NULL,NULL,NULL,'1517980352698'),('1518161669810','1518160716584',NULL,'1509885871184',0,NULL,NULL,NULL,NULL,NULL,'1517979287406'),('1518161669811','1518160742957',NULL,'1509885871184',0,NULL,NULL,NULL,NULL,NULL,'1517979287406'),('1518162668735','1518160716584',NULL,'1509885871184',0,NULL,NULL,NULL,NULL,NULL,'1517924834197'),('1518162668736','1518160742957',NULL,'1509885871184',0,NULL,NULL,NULL,NULL,NULL,'1517924834197'),('1518162674889','1518160716584',NULL,'1509885871184',0,NULL,NULL,NULL,NULL,NULL,'1517980352698'),('1518162674890','1518160742957',NULL,'1509885871184',0,NULL,NULL,NULL,NULL,NULL,'1517980352698'),('1518162785652','1515568229765','1515570349126','1509885871184',12,NULL,NULL,NULL,NULL,NULL,'1518162785538'),('1518162785653','1515568294692','1515570392717','1509885871184',11,NULL,NULL,NULL,NULL,NULL,'1518162785538'),('1518162785654','1515568306490','1515570409321','1509885871184',22,NULL,NULL,NULL,NULL,NULL,'1518162785538'),('1518162785655','1515568321123','1515570427216','1509885871184',12,NULL,NULL,NULL,NULL,NULL,'1518162785538'),('1518162785656','1515568337743','1515570441526','1509885871184',12,NULL,NULL,NULL,NULL,NULL,'1518162785538'),('1518162785657','1515568350142',NULL,'1509885871184',2,NULL,NULL,NULL,NULL,NULL,'1518162785538'),('1518162785658','1515568360154',NULL,'1509885871184',2,NULL,NULL,NULL,NULL,NULL,'1518162785538'),('1518162785659','1515568368535',NULL,'1509885871184',2,NULL,NULL,NULL,NULL,NULL,'1518162785538'),('1518162785660','1515568376630',NULL,'1509885871184',23,NULL,NULL,NULL,NULL,NULL,'1518162785538'),('1518162785661','1515568385260',NULL,'1509885871184',23,NULL,NULL,NULL,NULL,NULL,'1518162785538'),('1518162785662','1515568393850',NULL,'1509885871184',23,NULL,NULL,NULL,NULL,NULL,'1518162785538'),('1518162785663','1515568401028',NULL,'1509885871184',23,NULL,NULL,NULL,NULL,NULL,'1518162785538'),('1518162785664','1515568408065',NULL,'1509885871184',2,NULL,NULL,NULL,NULL,NULL,'1518162785538'),('1518162785665','1515568418392',NULL,'1509885871184',2,NULL,NULL,NULL,NULL,NULL,'1518162785538'),('1518162785666','1515568428501',NULL,'1509885871184',23,NULL,NULL,NULL,NULL,NULL,'1518162785538'),('1518162785667','1515568441272',NULL,'1509885871184',23,NULL,NULL,NULL,NULL,NULL,'1518162785538'),('1518162785668','1515568455633',NULL,'1509885871184',23,NULL,NULL,NULL,NULL,NULL,'1518162785538'),('1518162785669','1515568463485',NULL,'1509885871184',23,NULL,NULL,NULL,NULL,NULL,'1518162785538'),('1518162785670','1515568472353',NULL,'1509885871184',23,NULL,NULL,NULL,NULL,NULL,'1518162785538'),('1518162785671','1518160716584',NULL,'1509885871184',0,NULL,NULL,NULL,NULL,NULL,'1518162785538'),('1518162785672','1518160742957',NULL,'1509885871184',0,NULL,NULL,NULL,NULL,NULL,'1518162785538');
/*!40000 ALTER TABLE `process` ENABLE KEYS */;
UNLOCK TABLES;

--
-- Table structure for table `product`
--

DROP TABLE IF EXISTS `product`;
/*!40101 SET @saved_cs_client     = @@character_set_client */;
/*!40101 SET character_set_client = utf8 */;
CREATE TABLE `product` (
  `id` varchar(45) NOT NULL,
  `name` varchar(45) DEFAULT NULL,
  `door_id` varchar(20) DEFAULT NULL,
  `process_ids` varchar(450) DEFAULT NULL,
  `img` varchar(45) DEFAULT NULL,
  `mark` varchar(450) DEFAULT NULL,
  `start_time` datetime DEFAULT NULL,
  `end_time` datetime DEFAULT NULL,
  `corporation_id` varchar(45) DEFAULT NULL,
  `cover_width` int(11) DEFAULT NULL,
  `cover_height` int(11) DEFAULT NULL,
  `cover_depth` int(11) DEFAULT NULL,
  `width` int(11) DEFAULT NULL,
  `height` int(11) DEFAULT NULL,
  `lb_width` int(11) DEFAULT NULL,
  `lb_height` int(11) DEFAULT NULL,
  `db_width` int(11) DEFAULT NULL,
  `db_height` int(11) DEFAULT NULL,
  `color_id` varchar(45) DEFAULT NULL,
  `line_id` varchar(45) DEFAULT NULL,
  `line_sum` int(11) DEFAULT NULL,
  `productcol` varchar(45) DEFAULT NULL,
  `type` int(11) DEFAULT NULL,
  `module_id` varchar(45) DEFAULT NULL,
  `state` int(4) DEFAULT NULL,
  `lb_sum` int(11) DEFAULT NULL,
  `db_sum` int(11) DEFAULT NULL,
  `sum` int(11) DEFAULT NULL,
  `line_length` int(11) DEFAULT NULL,
  `ticket_id` varchar(45) DEFAULT NULL,
  PRIMARY KEY (`id`)
) ENGINE=InnoDB DEFAULT CHARSET=utf8;
/*!40101 SET character_set_client = @saved_cs_client */;

--
-- Dumping data for table `product`
--

LOCK TABLES `product` WRITE;
/*!40000 ALTER TABLE `product` DISABLE KEYS */;
INSERT INTO `product` VALUES ('1517924834532',NULL,'1518161443450',NULL,NULL,'sdds',NULL,NULL,'1509885871184',100,180,71,97,180,100,180,100,180,'1516790403629','1516338101368',1,NULL,NULL,NULL,NULL,2,1,1,2200,'1517924834197'),('1517980352998',NULL,'1518161443450',NULL,NULL,NULL,NULL,NULL,'1509885871184',100,180,70,100,180,100,180,100,180,NULL,NULL,1,NULL,NULL,NULL,NULL,2,1,1,2200,'1517980352698'),('1517985971289',NULL,'1518161443450',NULL,NULL,NULL,NULL,NULL,'1509885871184',100,180,70,100,180,100,180,100,180,'1516790403629','1516338101368',1,NULL,NULL,NULL,NULL,2,1,1,2200,'1517924834197'),('1517985971290',NULL,'1518161443450',NULL,NULL,NULL,NULL,NULL,'1509885871184',100,180,70,100,180,100,180,100,180,'1517305544600','1517305642143',1,NULL,NULL,NULL,NULL,2,1,1,2200,'1517924834197'),('1517989488443',NULL,'1518161460636',NULL,NULL,'sdds',NULL,NULL,'1509885871184',100,180,71,97,180,100,180,100,180,'1516790403629','1516338101368',1,NULL,NULL,NULL,NULL,2,1,1,2200,'1517924834197'),('1517989488444',NULL,'1518161460636',NULL,NULL,'sdds',NULL,NULL,'1509885871184',100,180,71,97,180,100,180,100,180,'1516790403629','1516338101368',1,NULL,NULL,NULL,NULL,2,1,1,2200,'1517924834197'),('1518161669784',NULL,'1518161460636',NULL,NULL,NULL,NULL,NULL,'1509885871184',100,180,70,100,180,100,180,100,180,'1517305544600','1516338101368',4,NULL,NULL,NULL,NULL,5,5,1,2200,'1517979287406'),('1518162785653',NULL,'1518161443450',NULL,NULL,NULL,NULL,NULL,'1509885871184',100,180,70,100,180,100,180,100,180,'1516790403629','1516338101368',1,NULL,NULL,NULL,NULL,2,1,1,2200,'1518162785538');
/*!40000 ALTER TABLE `product` ENABLE KEYS */;
UNLOCK TABLES;

--
-- Table structure for table `ticket`
--

DROP TABLE IF EXISTS `ticket`;
/*!40101 SET @saved_cs_client     = @@character_set_client */;
/*!40101 SET character_set_client = utf8 */;
CREATE TABLE `ticket` (
  `id` varchar(45) NOT NULL,
  `name` varchar(45) DEFAULT NULL,
  `dealers_id` varchar(45) DEFAULT NULL,
  `brand_id` varchar(45) DEFAULT NULL,
  `odd` varchar(45) DEFAULT NULL,
  `address` varchar(450) DEFAULT NULL,
  `start_time` datetime DEFAULT NULL,
  `end_time` datetime DEFAULT NULL,
  `create_time` datetime DEFAULT NULL,
  `over_time` datetime DEFAULT NULL,
  `product_ids` varchar(450) DEFAULT NULL,
  `corporation_id` varchar(45) DEFAULT NULL,
  `state` int(4) DEFAULT NULL,
  `number` varchar(45) DEFAULT NULL,
  `pay` float(10,0) DEFAULT NULL,
  `sum_door` float DEFAULT NULL,
  `sum_taoban` float DEFAULT NULL,
  `sum_line` float DEFAULT NULL,
  PRIMARY KEY (`id`)
) ENGINE=InnoDB DEFAULT CHARSET=utf8;
/*!40101 SET character_set_client = @saved_cs_client */;

--
-- Dumping data for table `ticket`
--

LOCK TABLES `ticket` WRITE;
/*!40000 ALTER TABLE `ticket` DISABLE KEYS */;
INSERT INTO `ticket` VALUES ('1517924834197','sd','1515571650195','1',NULL,'sdd','2018-03-01 00:00:00','2018-03-02 00:00:00',NULL,'2018-02-07 10:54:49',NULL,'1509885871184',2,'0',NULL,5,15,5),('1517979287406','sdsd','1515571650195','1',NULL,'dsdss','2018-03-05 00:00:00','2018-03-26 00:00:00',NULL,NULL,NULL,'1509885871184',0,'0',NULL,1,10,4),('1517980352698','eesdfds电商时代','1515571650195','1',NULL,'但是',NULL,NULL,NULL,NULL,NULL,'1509885871184',0,'0',NULL,1,3,1),('1518162785538','dsd','1515571650195','1',NULL,'sdds','2018-03-06 00:00:00','2018-03-20 00:00:00',NULL,NULL,NULL,'1509885871184',0,'0',NULL,1,3,1);
/*!40000 ALTER TABLE `ticket` ENABLE KEYS */;
UNLOCK TABLES;

--
-- Table structure for table `users`
--

DROP TABLE IF EXISTS `users`;
/*!40101 SET @saved_cs_client     = @@character_set_client */;
/*!40101 SET character_set_client = utf8 */;
CREATE TABLE `users` (
  `id` varchar(45) NOT NULL,
  `name` varchar(45) NOT NULL,
  `password` varchar(45) NOT NULL,
  `corporation_id` varchar(45) NOT NULL,
  `state` int(1) DEFAULT NULL,
  `phone` varchar(20) NOT NULL,
  `login_name` varchar(20) NOT NULL,
  `type` varchar(45) DEFAULT NULL,
  `roles` varchar(40) NOT NULL,
  `token` varchar(450) DEFAULT NULL,
  `token_time` datetime DEFAULT NULL,
  `address` varchar(45) DEFAULT NULL,
  PRIMARY KEY (`id`)
) ENGINE=InnoDB DEFAULT CHARSET=utf8;
/*!40101 SET character_set_client = @saved_cs_client */;

--
-- Dumping data for table `users`
--

LOCK TABLES `users` WRITE;
/*!40000 ALTER TABLE `users` DISABLE KEYS */;
INSERT INTO `users` VALUES ('121','èµµä¼Ÿ','FOG2ALH9V59HQzuI6NhSkQ==','',1,'11','zw','1','0','1','2017-11-14 15:49:53',NULL),('1515570349126','下料_张三','FOG2ALH9V59HQzuI6NhSkQ==','1509885871184',1,'12355','123','下料','4',NULL,NULL,NULL),('1515570392717','赵老大_单套','FOG2ALH9V59HQzuI6NhSkQ==','1509885871184',1,'单套','单套','单套','4',NULL,NULL,NULL),('1515570409321','王五_雕刻','FOG2ALH9V59HQzuI6NhSkQ==','1509885871184',1,'雕刻','雕刻','雕刻','4',NULL,NULL,NULL),('1515570427216','小米_抓架子','FOG2ALH9V59HQzuI6NhSkQ==','1509885871184',1,'抓架子','抓架子','抓架子','4',NULL,NULL,NULL),('1515570441526','小王_压机','FOG2ALH9V59HQzuI6NhSkQ==','1509885871184',1,'压机','压机','压机','4',NULL,NULL,NULL),('1515571650195','经销商1','FOG2ALH9V59HQzuI6NhSkQ==','1509885871184',1,'12','323','2','3',NULL,NULL,NULL),('1517909490135','王君','FOG2ALH9V59HQzuI6NhSkQ==','1509885871184',1,'2343','wangjun','0','2',NULL,NULL,'34'),('cfmy','川峰超级管理员','FOG2ALH9V59HQzuI6NhSkQ==','1509885871184',1,'23','cfmy','1','1',NULL,NULL,NULL),('cfmy1','赵静','FOG2ALH9V59HQzuI6NhSkQ==','1509885871184',1,'1','zhaojing','1','2',NULL,NULL,NULL);
/*!40000 ALTER TABLE `users` ENABLE KEYS */;
UNLOCK TABLES;
/*!40103 SET TIME_ZONE=@OLD_TIME_ZONE */;

/*!40101 SET SQL_MODE=@OLD_SQL_MODE */;
/*!40014 SET FOREIGN_KEY_CHECKS=@OLD_FOREIGN_KEY_CHECKS */;
/*!40014 SET UNIQUE_CHECKS=@OLD_UNIQUE_CHECKS */;
/*!40101 SET CHARACTER_SET_CLIENT=@OLD_CHARACTER_SET_CLIENT */;
/*!40101 SET CHARACTER_SET_RESULTS=@OLD_CHARACTER_SET_RESULTS */;
/*!40101 SET COLLATION_CONNECTION=@OLD_COLLATION_CONNECTION */;
/*!40111 SET SQL_NOTES=@OLD_SQL_NOTES */;

-- Dump completed on 2018-02-09 16:26:12
