-- MySQL dump 10.13  Distrib 5.7.18, for macos10.12 (x86_64)
--
-- Host: localhost    Database: cfmy
-- ------------------------------------------------------
-- Server version	5.7.18-log

/*!40101 SET @OLD_CHARACTER_SET_CLIENT=@@CHARACTER_SET_CLIENT */;
/*!40101 SET @OLD_CHARACTER_SET_RESULTS=@@CHARACTER_SET_RESULTS */;
/*!40101 SET @OLD_COLLATION_CONNECTION=@@COLLATION_CONNECTION */;
/*!40101 SET NAMES utf8 */;
/*!40103 SET @OLD_TIME_ZONE=@@TIME_ZONE */;
/*!40103 SET TIME_ZONE='+00:00' */;
/*!40014 SET @OLD_UNIQUE_CHECKS=@@UNIQUE_CHECKS, UNIQUE_CHECKS=0 */;
/*!40014 SET @OLD_FOREIGN_KEY_CHECKS=@@FOREIGN_KEY_CHECKS, FOREIGN_KEY_CHECKS=0 */;
/*!40101 SET @OLD_SQL_MODE=@@SQL_MODE, SQL_MODE='NO_AUTO_VALUE_ON_ZERO' */;
/*!40111 SET @OLD_SQL_NOTES=@@SQL_NOTES, SQL_NOTES=0 */;

--
-- Table structure for table `code`
--

DROP TABLE IF EXISTS `code`;
/*!40101 SET @saved_cs_client     = @@character_set_client */;
/*!40101 SET character_set_client = utf8 */;
CREATE TABLE `code` (
  `id` varchar(45) NOT NULL,
  `value` int(5) NOT NULL,
  `type` varchar(45) NOT NULL,
  `name` varchar(45) NOT NULL,
  PRIMARY KEY (`id`)
) ENGINE=InnoDB DEFAULT CHARSET=utf8 ROW_FORMAT=DYNAMIC;
/*!40101 SET character_set_client = @saved_cs_client */;

--
-- Dumping data for table `code`
--

LOCK TABLES `code` WRITE;
/*!40000 ALTER TABLE `code` DISABLE KEYS */;
INSERT INTO `code` VALUES ('1520426021883',1000,'工单类型','未提交'),('1520426220022',1005,'工单类型','已提交'),('1520426246846',1010,'工单类型','审核通过'),('1520426273283',1015,'工单类型','生产中'),('1520426350503',1050,'工单类型','生产完成'),('1520426406295',1055,'工单类型','发货'),('1520426426044',1060,'工单类型','收货'),('1520426445099',1065,'工单类型','收款完成'),('1520426551379',2000,'用户类型','超级管理员'),('1520426573111',2005,'用户类型','企业管理员'),('1520426594625',2010,'用户类型','企业员工'),('1520426620170',2015,'用户类型','企业经销商');
/*!40000 ALTER TABLE `code` ENABLE KEYS */;
UNLOCK TABLES;

--
-- Table structure for table `color`
--

DROP TABLE IF EXISTS `color`;
/*!40101 SET @saved_cs_client     = @@character_set_client */;
/*!40101 SET character_set_client = utf8 */;
CREATE TABLE `color` (
  `id` varchar(45) NOT NULL,
  `name` varchar(45) NOT NULL,
  `corporation_id` varchar(45) DEFAULT NULL,
  `img` varchar(400) DEFAULT NULL,
  `value` varchar(255) DEFAULT NULL,
  PRIMARY KEY (`id`)
) ENGINE=InnoDB DEFAULT CHARSET=utf8;
/*!40101 SET character_set_client = @saved_cs_client */;

--
-- Dumping data for table `color`
--

LOCK TABLES `color` WRITE;
/*!40000 ALTER TABLE `color` DISABLE KEYS */;
INSERT INTO `color` VALUES ('1516790403629','白色','1509885871184','http://ozq3tirki.bkt.clouddn.com/Fkk42fAG8m8smdJrcoM4P8_pSwfm','ggf'),('1517305544600','大红色','1509885871184','http://ozq3tirki.bkt.clouddn.com/Fm5-qUgzNffrLN6oPXlHgu3qvgKt','#c00');
/*!40000 ALTER TABLE `color` ENABLE KEYS */;
UNLOCK TABLES;

--
-- Table structure for table `corporation`
--

DROP TABLE IF EXISTS `corporation`;
/*!40101 SET @saved_cs_client     = @@character_set_client */;
/*!40101 SET character_set_client = utf8 */;
CREATE TABLE `corporation` (
  `id` varchar(45) NOT NULL,
  `name` varchar(45) NOT NULL,
  `address` varchar(45) DEFAULT NULL,
  `state` int(1) NOT NULL,
  `boss` varchar(20) DEFAULT NULL,
  `phone` varchar(20) DEFAULT NULL,
  `img` varchar(240) DEFAULT NULL,
  PRIMARY KEY (`id`)
) ENGINE=InnoDB DEFAULT CHARSET=utf8;
/*!40101 SET character_set_client = @saved_cs_client */;

--
-- Dumping data for table `corporation`
--

LOCK TABLES `corporation` WRITE;
/*!40000 ALTER TABLE `corporation` DISABLE KEYS */;
INSERT INTO `corporation` VALUES ('1509885871184','重庆川峰erersdsdds','重庆',0,NULL,NULL,'http://ozq3tirki.bkt.clouddn.com/Ful5IWUDjRgh0NEIA7s87IDEacbZ');
/*!40000 ALTER TABLE `corporation` ENABLE KEYS */;
UNLOCK TABLES;

--
-- Table structure for table `door`
--

DROP TABLE IF EXISTS `door`;
/*!40101 SET @saved_cs_client     = @@character_set_client */;
/*!40101 SET character_set_client = utf8 */;
CREATE TABLE `door` (
  `id` varchar(45) NOT NULL,
  `name` varchar(45) NOT NULL,
  `img` varchar(245) NOT NULL,
  `corporation_id` varchar(45) NOT NULL,
  `gx_ids` varchar(600) NOT NULL,
  `create_time` datetime NOT NULL,
  `state` int(4) NOT NULL,
  `gx_values` varchar(100) NOT NULL,
  `number` varchar(50) NOT NULL,
  `colors` varchar(250) DEFAULT NULL,
  `line` varchar(250) DEFAULT NULL,
  PRIMARY KEY (`id`)
) ENGINE=InnoDB DEFAULT CHARSET=utf8;
/*!40101 SET character_set_client = @saved_cs_client */;

--
-- Dumping data for table `door`
--

LOCK TABLES `door` WRITE;
/*!40000 ALTER TABLE `door` DISABLE KEYS */;
INSERT INTO `door` VALUES ('1518161443450','门01','http://ozq3tirki.bkt.clouddn.com/FkugQQ-ySDCyVO2YKCg1OaeeaXfg','1509885871184','1515568229765,1515568294692,1515568306490,1515568321123,1515568337743,1515568350142,1515568360154,1515568368535,1515568376630,1515568385260,1515568393850,1515568401028,1515568408065,1515568418392,1515568428501,1515568441272,1515568455633,1515568463485,1515568472353','2018-02-09 15:30:43',0,'120,114,22,12,12,2,2,2,23,23,23,23,2,2,23,23,23,23,23','门01',NULL,NULL),('1519720708300','dff','http://ozq3tirki.bkt.clouddn.com/FvnUaZWmgMFzKWgPcdWvoekcS9LT','1509885871184','1515568229765,1515568294692,1515568306490,1515568321123,1515568337743,1515568350142,1515568360154,1515568368535,1515568376630,1515568385260,1515568393850,1515568401028,1515568408065,1515568418392,1515568428501,1515568441272,1515568455633,1515568463485,1515568472353','2018-02-27 16:38:28',0,'12,11,22,12,12,2,2,2,23,23,23,23,2,2,23,23,23,23,23','ggf',NULL,NULL);
/*!40000 ALTER TABLE `door` ENABLE KEYS */;
UNLOCK TABLES;

--
-- Table structure for table `errCode`
--

DROP TABLE IF EXISTS `errCode`;
/*!40101 SET @saved_cs_client     = @@character_set_client */;
/*!40101 SET character_set_client = utf8 */;
CREATE TABLE `errCode` (
  `id` varchar(45) NOT NULL,
  `value` int(4) NOT NULL,
  `label` varchar(45) NOT NULL,
  PRIMARY KEY (`id`)
) ENGINE=InnoDB DEFAULT CHARSET=utf8 ROW_FORMAT=DYNAMIC;
/*!40101 SET character_set_client = @saved_cs_client */;

--
-- Dumping data for table `errCode`
--

LOCK TABLES `errCode` WRITE;
/*!40000 ALTER TABLE `errCode` DISABLE KEYS */;
/*!40000 ALTER TABLE `errCode` ENABLE KEYS */;
UNLOCK TABLES;

--
-- Table structure for table `gx`
--

DROP TABLE IF EXISTS `gx`;
/*!40101 SET @saved_cs_client     = @@character_set_client */;
/*!40101 SET character_set_client = utf8 */;
CREATE TABLE `gx` (
  `id` varchar(45) NOT NULL,
  `type` int(4) NOT NULL,
  `price` int(4) NOT NULL,
  `corporation_id` varchar(45) NOT NULL,
  `name` varchar(45) NOT NULL,
  `state` int(4) NOT NULL,
  `serial` int(4) NOT NULL,
  PRIMARY KEY (`id`)
) ENGINE=InnoDB DEFAULT CHARSET=utf8;
/*!40101 SET character_set_client = @saved_cs_client */;

--
-- Dumping data for table `gx`
--

LOCK TABLES `gx` WRITE;
/*!40000 ALTER TABLE `gx` DISABLE KEYS */;
INSERT INTO `gx` VALUES ('1515568229765',1,12,'1509885871184','下料',0,1),('1515568294692',1,11,'1509885871184','单套',0,2),('1515568306490',1,22,'1509885871184','雕刻',0,3),('1515568321123',1,12,'1509885871184','抓架子',0,4),('1515568337743',1,12,'1509885871184','压机',0,5),('1515568350142',1,2,'1509885871184','精裁',0,6),('1515568360154',1,2,'1509885871184','打台',0,7),('1515568368535',1,2,'1509885871184','封边',0,8),('1515568376630',1,23,'1509885871184','大沙',0,9),('1515568385260',1,23,'1509885871184','异型',0,10),('1515568393850',1,23,'1509885871184','打眼订凳',0,11),('1515568401028',1,23,'1509885871184','分货',0,12),('1515568408065',1,2,'1509885871184','刮沙',0,13),('1515568418392',1,2,'1509885871184','贴纸',0,14),('1515568428501',1,23,'1509885871184','贴皮',0,15),('1515568441272',1,23,'1509885871184','底漆',0,16),('1515568455633',1,23,'1509885871184','油磨',0,17),('1515568463485',1,23,'1509885871184','面漆',0,18),('1515568472353',1,23,'1509885871184','包装',0,19);
/*!40000 ALTER TABLE `gx` ENABLE KEYS */;
UNLOCK TABLES;

--
-- Table structure for table `line`
--

DROP TABLE IF EXISTS `line`;
/*!40101 SET @saved_cs_client     = @@character_set_client */;
/*!40101 SET character_set_client = utf8 */;
CREATE TABLE `line` (
  `id` varchar(45) NOT NULL,
  `name` varchar(45) NOT NULL,
  `corporation_id` varchar(45) DEFAULT NULL,
  `img` varchar(400) DEFAULT NULL,
  `value` varchar(255) DEFAULT NULL,
  `gx_ids` varchar(600) DEFAULT NULL,
  `gx_values` varchar(100) DEFAULT NULL,
  PRIMARY KEY (`id`)
) ENGINE=InnoDB DEFAULT CHARSET=utf8 ROW_FORMAT=DYNAMIC;
/*!40101 SET character_set_client = @saved_cs_client */;

--
-- Dumping data for table `line`
--

LOCK TABLES `line` WRITE;
/*!40000 ALTER TABLE `line` DISABLE KEYS */;
INSERT INTO `line` VALUES ('1516338101368','花纹线条','1509885871184','http://ozq3tirki.bkt.clouddn.com/Fjk7A9r1Ucpp2Cfh8oqBtMKhZthI','323','1515568408065,1515568418392,1515568428501,1515568441272,1515568455633,1515568463485,1515568472353,','2,2,2,2,2,2,2,'),('1517305642143','大条线','1509885871184','http://ozq3tirki.bkt.clouddn.com/FtTnwAohR1ioyUNaf9F4wfXDvahB',NULL,'1515568408065,1515568418392,1515568428501,1515568441272,1515568455633,1515568463485,1515568472353,','1,1,1,1,1,1,1,');
/*!40000 ALTER TABLE `line` ENABLE KEYS */;
UNLOCK TABLES;

--
-- Table structure for table `process`
--

DROP TABLE IF EXISTS `process`;
/*!40101 SET @saved_cs_client     = @@character_set_client */;
/*!40101 SET character_set_client = utf8 */;
CREATE TABLE `process` (
  `id` varchar(45) NOT NULL,
  `gx_id` varchar(45) DEFAULT NULL,
  `user_id` varchar(45) DEFAULT NULL,
  `corporation_id` varchar(45) DEFAULT NULL,
  `price` int(4) DEFAULT NULL,
  `type` int(4) DEFAULT NULL,
  `start_time` datetime DEFAULT NULL,
  `end_time` datetime DEFAULT NULL,
  `state` int(4) DEFAULT NULL,
  `product_id` varchar(45) DEFAULT NULL,
  `ticket_id` varchar(45) DEFAULT NULL,
  PRIMARY KEY (`id`)
) ENGINE=InnoDB DEFAULT CHARSET=utf8;
/*!40101 SET character_set_client = @saved_cs_client */;

--
-- Dumping data for table `process`
--

LOCK TABLES `process` WRITE;
/*!40000 ALTER TABLE `process` DISABLE KEYS */;
INSERT INTO `process` VALUES ('1520499931282','1515568229765','1515570349126','1509885871184',132,NULL,NULL,'2018-03-08 18:09:31',2,NULL,'1520499553277'),('1520499931283','1515568294692','1515570392717','1509885871184',125,NULL,NULL,'2018-03-08 18:09:31',2,NULL,'1520499553277'),('1520499931284','1515568306490','1515570409321','1509885871184',44,NULL,NULL,'2018-03-08 18:09:31',2,NULL,'1520499553277'),('1520499931285','1515568321123','1515570427216','1509885871184',24,NULL,NULL,'2018-03-08 18:09:31',2,NULL,'1520499553277'),('1520499931286','1515568337743','1515570441526','1509885871184',24,NULL,NULL,'2018-03-08 18:09:31',2,NULL,'1520499553277'),('1520499931287','1515568350142',NULL,'1509885871184',4,NULL,NULL,'2018-03-08 18:09:31',2,NULL,'1520499553277'),('1520499931288','1515568360154',NULL,'1509885871184',4,NULL,NULL,'2018-03-08 18:09:31',2,NULL,'1520499553277'),('1520499931289','1515568368535',NULL,'1509885871184',4,NULL,NULL,'2018-03-08 18:09:31',2,NULL,'1520499553277'),('1520499931290','1515568376630',NULL,'1509885871184',46,NULL,NULL,'2018-03-08 18:09:31',2,NULL,'1520499553277'),('1520499931291','1515568385260',NULL,'1509885871184',46,NULL,NULL,'2018-03-08 18:09:31',2,NULL,'1520499553277'),('1520499931292','1515568393850',NULL,'1509885871184',46,NULL,NULL,'2018-03-08 18:09:31',2,NULL,'1520499553277'),('1520499931293','1515568401028',NULL,'1509885871184',46,NULL,NULL,'2018-03-08 18:09:31',2,NULL,'1520499553277'),('1520499931294','1515568408065',NULL,'1509885871184',8,NULL,NULL,'2018-03-08 18:09:31',2,NULL,'1520499553277'),('1520499931295','1515568418392',NULL,'1509885871184',8,NULL,NULL,'2018-03-08 18:09:31',2,NULL,'1520499553277'),('1520499931296','1515568428501',NULL,'1509885871184',50,NULL,NULL,'2018-03-08 18:09:31',2,NULL,'1520499553277'),('1520499931297','1515568441272',NULL,'1509885871184',50,NULL,NULL,'2018-03-08 18:09:31',2,NULL,'1520499553277'),('1520499931298','1515568455633',NULL,'1509885871184',50,NULL,NULL,'2018-03-08 18:09:31',2,NULL,'1520499553277'),('1520499931299','1515568463485',NULL,'1509885871184',50,NULL,NULL,'2018-03-08 18:09:31',2,NULL,'1520499553277'),('1520499931300','1515568472353',NULL,'1509885871184',50,NULL,NULL,'2018-03-08 18:09:31',2,NULL,'1520499553277'),('1520504445444','1515568229765','1515570349126','1509885871184',120,NULL,NULL,NULL,NULL,NULL,'1520504445251'),('1520504445445','1515568294692','1515570392717','1509885871184',114,NULL,NULL,NULL,NULL,NULL,'1520504445251'),('1520504445446','1515568306490','1515570409321','1509885871184',22,NULL,NULL,NULL,NULL,NULL,'1520504445251'),('1520504445447','1515568321123','1515570427216','1509885871184',12,NULL,NULL,NULL,NULL,NULL,'1520504445251'),('1520504445448','1515568337743','1515570441526','1509885871184',12,NULL,NULL,NULL,NULL,NULL,'1520504445251'),('1520504445449','1515568350142',NULL,'1509885871184',2,NULL,NULL,NULL,NULL,NULL,'1520504445251'),('1520504445450','1515568360154',NULL,'1509885871184',2,NULL,NULL,NULL,NULL,NULL,'1520504445251'),('1520504445451','1515568368535',NULL,'1509885871184',2,NULL,NULL,NULL,NULL,NULL,'1520504445251'),('1520504445452','1515568376630',NULL,'1509885871184',23,NULL,NULL,NULL,NULL,NULL,'1520504445251'),('1520504445453','1515568385260',NULL,'1509885871184',23,NULL,NULL,NULL,NULL,NULL,'1520504445251'),('1520504445454','1515568393850',NULL,'1509885871184',23,NULL,NULL,NULL,NULL,NULL,'1520504445251'),('1520504445455','1515568401028',NULL,'1509885871184',23,NULL,NULL,NULL,NULL,NULL,'1520504445251'),('1520504445456','1515568408065',NULL,'1509885871184',3,NULL,NULL,NULL,NULL,NULL,'1520504445251'),('1520504445457','1515568418392',NULL,'1509885871184',3,NULL,NULL,NULL,NULL,NULL,'1520504445251'),('1520504445458','1515568428501',NULL,'1509885871184',24,NULL,NULL,NULL,NULL,NULL,'1520504445251'),('1520504445459','1515568441272',NULL,'1509885871184',24,NULL,NULL,NULL,NULL,NULL,'1520504445251'),('1520504445460','1515568455633',NULL,'1509885871184',24,NULL,NULL,NULL,NULL,NULL,'1520504445251'),('1520504445461','1515568463485',NULL,'1509885871184',24,NULL,NULL,NULL,NULL,NULL,'1520504445251'),('1520504445462','1515568472353',NULL,'1509885871184',24,NULL,NULL,NULL,NULL,NULL,'1520504445251'),('1520504574858','1515568229765','1515570349126','1509885871184',120,NULL,NULL,NULL,NULL,NULL,'1520499396961'),('1520504574859','1515568294692','1515570392717','1509885871184',114,NULL,NULL,NULL,NULL,NULL,'1520499396961'),('1520504574860','1515568306490','1515570409321','1509885871184',22,NULL,NULL,NULL,NULL,NULL,'1520499396961'),('1520504574861','1515568321123','1515570427216','1509885871184',12,NULL,NULL,NULL,NULL,NULL,'1520499396961'),('1520504574862','1515568337743','1515570441526','1509885871184',12,NULL,NULL,NULL,NULL,NULL,'1520499396961'),('1520504574863','1515568350142',NULL,'1509885871184',2,NULL,NULL,NULL,NULL,NULL,'1520499396961'),('1520504574864','1515568360154',NULL,'1509885871184',2,NULL,NULL,NULL,NULL,NULL,'1520499396961'),('1520504574865','1515568368535',NULL,'1509885871184',2,NULL,NULL,NULL,NULL,NULL,'1520499396961'),('1520504574866','1515568376630',NULL,'1509885871184',23,NULL,NULL,NULL,NULL,NULL,'1520499396961'),('1520504574867','1515568385260',NULL,'1509885871184',23,NULL,NULL,NULL,NULL,NULL,'1520499396961'),('1520504574868','1515568393850',NULL,'1509885871184',23,NULL,NULL,NULL,NULL,NULL,'1520499396961'),('1520504574869','1515568401028',NULL,'1509885871184',23,NULL,NULL,NULL,NULL,NULL,'1520499396961'),('1520504574870','1515568408065',NULL,'1509885871184',4,NULL,NULL,NULL,NULL,NULL,'1520499396961'),('1520504574871','1515568418392',NULL,'1509885871184',4,NULL,NULL,NULL,NULL,NULL,'1520499396961'),('1520504574872','1515568428501',NULL,'1509885871184',25,NULL,NULL,NULL,NULL,NULL,'1520499396961'),('1520504574873','1515568441272',NULL,'1509885871184',25,NULL,NULL,NULL,NULL,NULL,'1520499396961'),('1520504574874','1515568455633',NULL,'1509885871184',25,NULL,NULL,NULL,NULL,NULL,'1520499396961'),('1520504574875','1515568463485',NULL,'1509885871184',25,NULL,NULL,NULL,NULL,NULL,'1520499396961'),('1520504574876','1515568472353',NULL,'1509885871184',25,NULL,NULL,NULL,NULL,NULL,'1520499396961'),('1520561406299','1515568229765','1515570349126','1509885871184',0,NULL,NULL,NULL,NULL,NULL,'1520561405990'),('1520561406300','1515568294692','1515570392717','1509885871184',0,NULL,NULL,NULL,NULL,NULL,'1520561405990'),('1520561406301','1515568306490','1515570409321','1509885871184',0,NULL,NULL,NULL,NULL,NULL,'1520561405990'),('1520561406302','1515568321123','1515570427216','1509885871184',0,NULL,NULL,NULL,NULL,NULL,'1520561405990'),('1520561406303','1515568337743','1515570441526','1509885871184',0,NULL,NULL,NULL,NULL,NULL,'1520561405990'),('1520561406304','1515568350142',NULL,'1509885871184',0,NULL,NULL,NULL,NULL,NULL,'1520561405990'),('1520561406305','1515568360154',NULL,'1509885871184',0,NULL,NULL,NULL,NULL,NULL,'1520561405990'),('1520561406306','1515568368535',NULL,'1509885871184',0,NULL,NULL,NULL,NULL,NULL,'1520561405990'),('1520561406307','1515568376630',NULL,'1509885871184',0,NULL,NULL,NULL,NULL,NULL,'1520561405990'),('1520561406308','1515568385260',NULL,'1509885871184',0,NULL,NULL,NULL,NULL,NULL,'1520561405990'),('1520561406309','1515568393850',NULL,'1509885871184',0,NULL,NULL,NULL,NULL,NULL,'1520561405990'),('1520561406310','1515568401028',NULL,'1509885871184',0,NULL,NULL,NULL,NULL,NULL,'1520561405990'),('1520561406311','1515568408065',NULL,'1509885871184',0,NULL,NULL,NULL,NULL,NULL,'1520561405990'),('1520561406312','1515568418392',NULL,'1509885871184',0,NULL,NULL,NULL,NULL,NULL,'1520561405990'),('1520561406313','1515568428501',NULL,'1509885871184',0,NULL,NULL,NULL,NULL,NULL,'1520561405990'),('1520561406314','1515568441272',NULL,'1509885871184',0,NULL,NULL,NULL,NULL,NULL,'1520561405990'),('1520561406315','1515568455633',NULL,'1509885871184',0,NULL,NULL,NULL,NULL,NULL,'1520561405990'),('1520561406316','1515568463485',NULL,'1509885871184',0,NULL,NULL,NULL,NULL,NULL,'1520561405990'),('1520561406317','1515568472353',NULL,'1509885871184',0,NULL,NULL,NULL,NULL,NULL,'1520561405990'),('1520562549958','1515568229765','1515570349126','1509885871184',0,NULL,NULL,NULL,NULL,NULL,'1520566569173'),('1520562549959','1515568294692','1515570392717','1509885871184',0,NULL,NULL,NULL,NULL,NULL,'1520566569173'),('1520562549960','1515568306490','1515570409321','1509885871184',0,NULL,NULL,NULL,NULL,NULL,'1520566569173'),('1520562549961','1515568321123','1515570427216','1509885871184',0,NULL,NULL,NULL,NULL,NULL,'1520566569173'),('1520562549962','1515568337743','1515570441526','1509885871184',0,NULL,NULL,NULL,NULL,NULL,'1520566569173'),('1520562549963','1515568350142',NULL,'1509885871184',0,NULL,NULL,NULL,NULL,NULL,'1520566569173'),('1520562549964','1515568360154',NULL,'1509885871184',0,NULL,NULL,NULL,NULL,NULL,'1520566569173'),('1520562549965','1515568368535',NULL,'1509885871184',0,NULL,NULL,NULL,NULL,NULL,'1520566569173'),('1520562549966','1515568376630',NULL,'1509885871184',0,NULL,NULL,NULL,NULL,NULL,'1520566569173'),('1520562549967','1515568385260',NULL,'1509885871184',0,NULL,NULL,NULL,NULL,NULL,'1520566569173'),('1520562549968','1515568393850',NULL,'1509885871184',0,NULL,NULL,NULL,NULL,NULL,'1520566569173'),('1520562549969','1515568401028',NULL,'1509885871184',0,NULL,NULL,NULL,NULL,NULL,'1520566569173'),('1520562549970','1515568408065',NULL,'1509885871184',0,NULL,NULL,NULL,NULL,NULL,'1520566569173'),('1520562549971','1515568418392',NULL,'1509885871184',0,NULL,NULL,NULL,NULL,NULL,'1520566569173'),('1520562549972','1515568428501',NULL,'1509885871184',0,NULL,NULL,NULL,NULL,NULL,'1520566569173'),('1520562549973','1515568441272',NULL,'1509885871184',0,NULL,NULL,NULL,NULL,NULL,'1520566569173'),('1520562549974','1515568455633',NULL,'1509885871184',0,NULL,NULL,NULL,NULL,NULL,'1520566569173'),('1520562549975','1515568463485',NULL,'1509885871184',0,NULL,NULL,NULL,NULL,NULL,'1520566569173'),('1520562549976','1515568472353',NULL,'1509885871184',0,NULL,NULL,NULL,NULL,NULL,'1520566569173'),('1520823213947','1515568229765','1515570349126','1509885871184',0,NULL,NULL,NULL,NULL,NULL,'1520823213012'),('1520823213948','1515568294692','1515570392717','1509885871184',0,NULL,NULL,NULL,NULL,NULL,'1520823213012'),('1520823213949','1515568306490','1515570409321','1509885871184',0,NULL,NULL,NULL,NULL,NULL,'1520823213012'),('1520823213950','1515568321123','1515570427216','1509885871184',0,NULL,NULL,NULL,NULL,NULL,'1520823213012'),('1520823213951','1515568337743','1515570441526','1509885871184',0,NULL,NULL,NULL,NULL,NULL,'1520823213012'),('1520823213952','1515568350142',NULL,'1509885871184',0,NULL,NULL,NULL,NULL,NULL,'1520823213012'),('1520823213953','1515568360154',NULL,'1509885871184',0,NULL,NULL,NULL,NULL,NULL,'1520823213012'),('1520823213954','1515568368535',NULL,'1509885871184',0,NULL,NULL,NULL,NULL,NULL,'1520823213012'),('1520823213955','1515568376630',NULL,'1509885871184',0,NULL,NULL,NULL,NULL,NULL,'1520823213012'),('1520823213956','1515568385260',NULL,'1509885871184',0,NULL,NULL,NULL,NULL,NULL,'1520823213012'),('1520823213957','1515568393850',NULL,'1509885871184',0,NULL,NULL,NULL,NULL,NULL,'1520823213012'),('1520823213958','1515568401028',NULL,'1509885871184',0,NULL,NULL,NULL,NULL,NULL,'1520823213012'),('1520823213959','1515568408065',NULL,'1509885871184',0,NULL,NULL,NULL,NULL,NULL,'1520823213012'),('1520823213960','1515568418392',NULL,'1509885871184',0,NULL,NULL,NULL,NULL,NULL,'1520823213012'),('1520823213961','1515568428501',NULL,'1509885871184',0,NULL,NULL,NULL,NULL,NULL,'1520823213012'),('1520823213962','1515568441272',NULL,'1509885871184',0,NULL,NULL,NULL,NULL,NULL,'1520823213012'),('1520823213963','1515568455633',NULL,'1509885871184',0,NULL,NULL,NULL,NULL,NULL,'1520823213012'),('1520823213964','1515568463485',NULL,'1509885871184',0,NULL,NULL,NULL,NULL,NULL,'1520823213012'),('1520823213965','1515568472353',NULL,'1509885871184',0,NULL,NULL,NULL,NULL,NULL,'1520823213012');
/*!40000 ALTER TABLE `process` ENABLE KEYS */;
UNLOCK TABLES;

--
-- Table structure for table `product`
--

DROP TABLE IF EXISTS `product`;
/*!40101 SET @saved_cs_client     = @@character_set_client */;
/*!40101 SET character_set_client = utf8 */;
CREATE TABLE `product` (
  `id` varchar(45) NOT NULL,
  `name` varchar(45) DEFAULT NULL,
  `door_id` varchar(20) DEFAULT NULL,
  `process_ids` varchar(450) DEFAULT NULL,
  `img` varchar(45) DEFAULT NULL,
  `mark` varchar(450) DEFAULT NULL,
  `start_time` datetime DEFAULT NULL,
  `end_time` datetime DEFAULT NULL,
  `corporation_id` varchar(45) DEFAULT NULL,
  `cover_width` int(11) DEFAULT NULL,
  `cover_height` int(11) DEFAULT NULL,
  `cover_depth` int(11) DEFAULT NULL,
  `width` int(11) DEFAULT NULL,
  `height` int(11) DEFAULT NULL,
  `lb_width` int(11) DEFAULT NULL,
  `lb_height` int(11) DEFAULT NULL,
  `db_width` int(11) DEFAULT NULL,
  `db_height` int(11) DEFAULT NULL,
  `color_id` varchar(45) DEFAULT NULL,
  `line_id` varchar(45) DEFAULT NULL,
  `line_sum` int(11) DEFAULT NULL,
  `productcol` varchar(45) DEFAULT NULL,
  `type` int(11) DEFAULT NULL,
  `module_id` varchar(45) DEFAULT NULL,
  `state` int(4) DEFAULT NULL,
  `lb_sum` int(11) DEFAULT NULL,
  `db_sum` int(11) DEFAULT NULL,
  `sum` int(11) DEFAULT NULL,
  `line_length` int(11) DEFAULT NULL,
  `ticket_id` varchar(45) DEFAULT NULL,
  PRIMARY KEY (`id`)
) ENGINE=InnoDB DEFAULT CHARSET=utf8;
/*!40101 SET character_set_client = @saved_cs_client */;

--
-- Dumping data for table `product`
--

LOCK TABLES `product` WRITE;
/*!40000 ALTER TABLE `product` DISABLE KEYS */;
INSERT INTO `product` VALUES ('1520499931281',NULL,'1518161443450',NULL,NULL,NULL,NULL,NULL,'1509885871184',100,180,70,100,180,100,180,100,180,NULL,'1516338101368',1,NULL,NULL,NULL,NULL,2,1,1,2200,'1520499553277'),('1520503655744',NULL,'1519720708300',NULL,NULL,NULL,NULL,NULL,'1509885871184',100,180,70,100,180,100,180,100,180,NULL,'1516338101368',1,NULL,NULL,NULL,NULL,2,1,1,2200,'1520499553277'),('1520504445460',NULL,'1518161443450',NULL,NULL,NULL,NULL,NULL,'1509885871184',100,180,70,100,180,100,180,100,180,'1517305544600','1517305642143',1,NULL,NULL,NULL,NULL,2,1,1,2200,'1520504445251'),('1520504574854',NULL,'1518161443450',NULL,NULL,NULL,NULL,NULL,'1509885871184',100,180,70,100,180,100,180,100,180,NULL,'1516338101368',1,NULL,NULL,NULL,NULL,2,1,1,2200,'1520499396961'),('1520561406284',NULL,'1518161443450',NULL,NULL,'wew',NULL,NULL,'1509885871184',100,180,70,100,180,100,180,100,180,'1516790403629','1517305642143',1,NULL,NULL,NULL,NULL,2,1,1,2200,'1520561405990'),('1520562549940',NULL,'1518161443450',NULL,NULL,NULL,NULL,NULL,'1509885871184',100,180,70,100,180,100,180,100,180,NULL,'1517305642143',5,NULL,NULL,NULL,NULL,2,1,1,2200,'1520499432806'),('1520566530241',NULL,'1518161443450',NULL,NULL,NULL,NULL,NULL,'1509885871184',100,180,70,100,180,100,180,100,180,NULL,'1517305642143',1,NULL,NULL,NULL,NULL,2,1,1,2200,'1520499432806'),('1520566569393',NULL,'1518161443450',NULL,NULL,NULL,NULL,NULL,'1509885871184',100,180,70,100,180,100,180,100,180,'1517305544600','1517305642143',1,NULL,NULL,NULL,NULL,2,1,1,2200,'1520566569173'),('1520823213601',NULL,'0',NULL,NULL,NULL,NULL,NULL,'1509885871184',100,180,70,100,180,100,180,100,180,NULL,NULL,1,NULL,NULL,NULL,NULL,2,1,1,2200,'1520823213012');
/*!40000 ALTER TABLE `product` ENABLE KEYS */;
UNLOCK TABLES;

--
-- Table structure for table `ticket`
--

DROP TABLE IF EXISTS `ticket`;
/*!40101 SET @saved_cs_client     = @@character_set_client */;
/*!40101 SET character_set_client = utf8 */;
CREATE TABLE `ticket` (
  `id` varchar(45) NOT NULL,
  `name` varchar(45) DEFAULT NULL,
  `dealers_id` varchar(45) DEFAULT NULL,
  `brand_id` varchar(45) DEFAULT NULL,
  `odd` varchar(45) DEFAULT NULL,
  `address` varchar(450) DEFAULT NULL,
  `start_time` datetime DEFAULT NULL,
  `end_time` datetime DEFAULT NULL,
  `create_time` datetime DEFAULT NULL,
  `over_time` datetime DEFAULT NULL,
  `product_ids` varchar(450) DEFAULT NULL,
  `corporation_id` varchar(45) DEFAULT NULL,
  `state` int(4) DEFAULT NULL,
  `number` varchar(45) DEFAULT NULL,
  `pay` float(10,0) DEFAULT NULL,
  `sum_door` float DEFAULT NULL,
  `sum_taoban` float DEFAULT NULL,
  `sum_line` float DEFAULT NULL,
  PRIMARY KEY (`id`)
) ENGINE=InnoDB DEFAULT CHARSET=utf8;
/*!40101 SET character_set_client = @saved_cs_client */;

--
-- Dumping data for table `ticket`
--

LOCK TABLES `ticket` WRITE;
/*!40000 ALTER TABLE `ticket` DISABLE KEYS */;
INSERT INTO `ticket` VALUES ('1520499396961','1_1520499396961','1515571650195','1',NULL,'的方法','2018-03-28 00:00:00','2018-04-06 00:00:00',NULL,NULL,NULL,'1509885871184',1015,'0',NULL,1,3,1),('1520499432806','2_1520499432806','1520393465519','1',NULL,'许','2018-04-12 00:00:00','2018-04-14 00:00:00',NULL,NULL,NULL,'1509885871184',1000,'0',NULL,2,6,6),('1520499553277','3_1520499553277','1520393465519','1',NULL,'DV下','2018-04-13 00:00:00','2018-04-21 00:00:00',NULL,'2018-03-08 18:09:31',NULL,'1509885871184',1065,'0',NULL,2,6,2),('1520504445251','4_1520504445251','1515571650195','1',NULL,'地方的','2018-04-07 00:00:00','2018-04-21 00:00:00',NULL,NULL,NULL,'1509885871184',1010,'0',NULL,1,3,1),('1520561405990','5_1520561405990','1520393465519','1',NULL,'reer','2018-04-07 00:00:00','2018-04-22 00:00:00',NULL,NULL,NULL,'1509885871184',1000,'0',NULL,1,3,1),('1520566569173','6_1520566569173','1520393465519','1',NULL,NULL,'2018-05-13 00:00:00','2018-05-26 00:00:00',NULL,NULL,NULL,'1509885871184',1005,'0',NULL,1,3,1),('1520823213012','7_1520823213012','cfmy','1',NULL,NULL,NULL,NULL,NULL,NULL,NULL,'1509885871184',1000,'0',NULL,0,0,0);
/*!40000 ALTER TABLE `ticket` ENABLE KEYS */;
UNLOCK TABLES;

--
-- Table structure for table `users`
--

DROP TABLE IF EXISTS `users`;
/*!40101 SET @saved_cs_client     = @@character_set_client */;
/*!40101 SET character_set_client = utf8 */;
CREATE TABLE `users` (
  `id` varchar(45) NOT NULL,
  `name` varchar(45) NOT NULL,
  `password` varchar(45) NOT NULL,
  `corporation_id` varchar(45) NOT NULL,
  `state` int(1) DEFAULT NULL,
  `phone` varchar(20) NOT NULL,
  `login_name` varchar(20) NOT NULL,
  `type` varchar(45) DEFAULT NULL,
  `roles` varchar(40) NOT NULL,
  `token` varchar(450) DEFAULT NULL,
  `token_time` datetime DEFAULT NULL,
  `address` varchar(45) DEFAULT NULL,
  PRIMARY KEY (`id`)
) ENGINE=InnoDB DEFAULT CHARSET=utf8;
/*!40101 SET character_set_client = @saved_cs_client */;

--
-- Dumping data for table `users`
--

LOCK TABLES `users` WRITE;
/*!40000 ALTER TABLE `users` DISABLE KEYS */;
INSERT INTO `users` VALUES ('121','èµµä¼Ÿ','FOG2ALH9V59HQzuI6NhSkQ==','',1,'11','zw','1','0','1','2017-11-14 15:49:53',NULL),('1515570349126','下料_张三','FOG2ALH9V59HQzuI6NhSkQ==','1509885871184',1,'12355','123','下料','4',NULL,NULL,NULL),('1515570392717','赵老大_单套','FOG2ALH9V59HQzuI6NhSkQ==','1509885871184',1,'单套','单套','单套','4',NULL,NULL,NULL),('1515570409321','王五_雕刻','FOG2ALH9V59HQzuI6NhSkQ==','1509885871184',1,'雕刻','雕刻','雕刻','4',NULL,NULL,NULL),('1515570427216','小米_抓架子','FOG2ALH9V59HQzuI6NhSkQ==','1509885871184',1,'抓架子','抓架子','抓架子','4',NULL,NULL,NULL),('1515570441526','小王_压机','FOG2ALH9V59HQzuI6NhSkQ==','1509885871184',1,'压机','压机','压机','4',NULL,NULL,NULL),('1515571650195','经销商1','FOG2ALH9V59HQzuI6NhSkQ==','1509885871184',1,'12','323','2','3',NULL,NULL,NULL),('1517909490135','王君','FOG2ALH9V59HQzuI6NhSkQ==','1509885871184',1,'2343','wangjun','0','2',NULL,NULL,'34'),('1520393465519','赵何','FOG2ALH9V59HQzuI6NhSkQ==','1509885871184',1,'12','小赵',NULL,'3',NULL,NULL,'成都'),('cfmy','川峰超级管理员','FOG2ALH9V59HQzuI6NhSkQ==','1509885871184',1,'23','cfmy','1','1',NULL,NULL,NULL),('cfmy1','赵静','FOG2ALH9V59HQzuI6NhSkQ==','1509885871184',1,'1','zhaojing','1','2',NULL,NULL,NULL);
/*!40000 ALTER TABLE `users` ENABLE KEYS */;
UNLOCK TABLES;
/*!40103 SET TIME_ZONE=@OLD_TIME_ZONE */;

/*!40101 SET SQL_MODE=@OLD_SQL_MODE */;
/*!40014 SET FOREIGN_KEY_CHECKS=@OLD_FOREIGN_KEY_CHECKS */;
/*!40014 SET UNIQUE_CHECKS=@OLD_UNIQUE_CHECKS */;
/*!40101 SET CHARACTER_SET_CLIENT=@OLD_CHARACTER_SET_CLIENT */;
/*!40101 SET CHARACTER_SET_RESULTS=@OLD_CHARACTER_SET_RESULTS */;
/*!40101 SET COLLATION_CONNECTION=@OLD_COLLATION_CONNECTION */;
/*!40111 SET SQL_NOTES=@OLD_SQL_NOTES */;

-- Dump completed on 2018-03-13  9:01:18
